-- phpMyAdmin SQL Dump
-- version 5.1.3
-- https://www.phpmyadmin.net/
--
-- Hôte : core-mariadb:3306
-- Généré le : dim. 01 mai 2022 à 12:44
-- Version du serveur : 10.4.19-MariaDB
-- Version de PHP : 8.0.16

SET SQL_MODE = "NO_AUTO_VALUE_ON_ZERO";
START TRANSACTION;
SET time_zone = "+00:00";


/*!40101 SET @OLD_CHARACTER_SET_CLIENT=@@CHARACTER_SET_CLIENT */;
/*!40101 SET @OLD_CHARACTER_SET_RESULTS=@@CHARACTER_SET_RESULTS */;
/*!40101 SET @OLD_COLLATION_CONNECTION=@@COLLATION_CONNECTION */;
/*!40101 SET NAMES utf8mb4 */;

--
-- Base de données : `gamitasks`
--

-- --------------------------------------------------------

--
-- Structure de la table `domains`
--

CREATE TABLE `domains` (
  `id` int(11) NOT NULL,
  `name` varchar(24) COLLATE utf8mb4_unicode_ci NOT NULL
) ENGINE=InnoDB DEFAULT CHARSET=utf8mb4 COLLATE=utf8mb4_unicode_ci;

--
-- Déchargement des données de la table `domains`
--

INSERT INTO `domains` (`id`, `name`) VALUES
(1, 'Diner'),
(2, 'Souper'),
(3, 'Lisa'),
(4, 'Nicolas'),
(5, 'Jenny'),
(6, 'Parents'),
(7, 'Salon'),
(8, 'Salle à manger'),
(9, 'Cuisine'),
(10, 'Salle de bain'),
(11, 'Toilettes'),
(12, 'Couloir'),
(13, 'Linge'),
(14, 'Balcon');

-- --------------------------------------------------------

--
-- Structure de la table `history`
--

CREATE TABLE `history` (
  `id` int(11) NOT NULL,
  `id_user` int(11) NOT NULL,
  `id_task` int(11) NOT NULL,
  `done` timestamp NOT NULL DEFAULT current_timestamp()
) ENGINE=InnoDB DEFAULT CHARSET=utf8mb4 COLLATE=utf8mb4_unicode_ci;

--
-- Déchargement des données de la table `history`
--

INSERT INTO `history` (`id`, `id_user`, `id_task`, `done`) VALUES
(53, 4, 19, '2021-06-19 08:04:28'),
(54, 4, 22, '2021-06-19 09:06:03'),
(55, 1, 17, '2021-06-19 09:06:16'),
(56, 4, 19, '2021-06-19 09:47:24'),
(57, 1, 15, '2021-06-19 09:50:33'),
(58, 1, 1, '2021-06-19 09:58:59'),
(59, 1, 4, '2021-06-19 09:59:26'),
(60, 5, 4, '2021-06-19 10:01:55'),
(61, 4, 15, '2021-06-19 10:06:24'),
(62, 4, 1, '2021-06-19 10:06:47'),
(63, 4, 11, '2021-06-19 10:07:11'),
(64, 4, 7, '2021-06-19 10:49:15'),
(65, 5, 26, '2021-06-19 10:55:39'),
(66, 4, 4, '2021-06-19 11:01:48'),
(67, 4, 6, '2021-06-19 11:02:33'),
(68, 1, 8, '2021-06-19 11:10:30'),
(69, 1, 24, '2021-06-19 11:31:29'),
(70, 1, 10, '2021-06-19 11:38:42'),
(71, 1, 18, '2021-06-19 12:27:13'),
(73, 1, 27, '2021-06-19 12:35:11'),
(74, 1, 2, '2021-06-19 12:43:22'),
(75, 1, 9, '2021-06-19 17:40:32'),
(76, 1, 3, '2021-06-19 17:40:37'),
(77, 1, 14, '2021-06-19 17:40:41'),
(78, 4, 13, '2021-06-19 17:40:44'),
(79, 1, 25, '2021-06-19 17:40:47'),
(80, 1, 19, '2021-06-19 17:55:07'),
(81, 1, 19, '2021-06-19 18:03:02'),
(82, 5, 5, '2021-06-19 18:29:05'),
(83, 5, 7, '2021-06-19 18:30:19'),
(84, 5, 1, '2021-06-19 18:31:15'),
(85, 2, 17, '2021-06-19 18:56:57'),
(86, 2, 32, '2021-06-19 19:03:49'),
(87, 2, 33, '2021-06-19 19:04:41'),
(88, 2, 34, '2021-06-19 19:11:36'),
(89, 4, 19, '2021-06-20 09:45:37'),
(90, 4, 31, '2021-06-20 09:45:46'),
(91, 4, 1, '2021-06-20 09:46:00'),
(92, 1, 4, '2021-06-20 10:48:57'),
(93, 4, 4, '2021-06-20 10:49:40'),
(94, 4, 15, '2021-06-20 12:31:08'),
(95, 1, 21, '2021-06-20 12:38:41'),
(96, 1, 19, '2021-06-20 13:01:53'),
(97, 4, 6, '2021-06-20 13:18:10'),
(98, 1, 17, '2021-06-20 15:29:58'),
(99, 1, 3, '2021-06-20 17:03:25'),
(100, 1, 19, '2021-06-20 17:03:33'),
(101, 4, 5, '2021-06-20 17:13:43'),
(102, 2, 27, '2021-06-20 18:35:08'),
(103, 1, 20, '2021-06-20 18:35:28'),
(104, 1, 9, '2021-06-20 18:35:36'),
(105, 1, 7, '2021-06-20 18:35:40'),
(106, 1, 18, '2021-06-20 18:36:08'),
(107, 1, 10, '2021-06-20 18:39:00'),
(108, 3, 4, '2021-06-20 20:02:15'),
(109, 3, 26, '2021-06-20 20:02:29'),
(110, 3, 7, '2021-06-20 20:02:51'),
(111, 3, 7, '2021-06-20 20:02:55'),
(112, 3, 27, '2021-06-20 20:03:02'),
(113, 3, 17, '2021-06-20 20:03:13'),
(114, 3, 15, '2021-06-20 20:03:35'),
(115, 2, 32, '2021-06-20 20:04:09'),
(116, 3, 25, '2021-06-20 20:04:25'),
(117, 3, 11, '2021-06-20 20:04:30'),
(118, 3, 38, '2021-06-20 20:05:14'),
(119, 1, 17, '2021-06-21 07:26:55'),
(120, 1, 17, '2021-06-21 07:27:58'),
(121, 1, 19, '2021-06-21 07:28:05'),
(122, 1, 16, '2021-06-21 07:28:30'),
(123, 1, 17, '2021-06-21 08:21:40'),
(124, 1, 29, '2021-06-21 08:21:59'),
(125, 1, 19, '2021-06-21 09:47:17'),
(126, 1, 6, '2021-06-21 11:35:18'),
(127, 1, 8, '2021-06-21 14:43:32'),
(128, 1, 3, '2021-06-21 14:44:20'),
(129, 4, 30, '2021-06-21 16:32:20'),
(130, 2, 1, '2021-06-21 16:32:58'),
(131, 4, 31, '2021-06-21 16:33:47'),
(132, 4, 30, '2021-06-21 16:34:03'),
(133, 4, 1, '2021-06-21 16:34:26'),
(134, 4, 14, '2021-06-21 17:34:30'),
(135, 1, 27, '2021-06-21 18:01:21'),
(136, 1, 20, '2021-06-21 18:01:29'),
(137, 1, 9, '2021-06-21 18:01:39'),
(138, 1, 10, '2021-06-21 18:01:46'),
(139, 3, 5, '2021-06-21 20:39:27'),
(140, 3, 33, '2021-06-21 20:39:31'),
(141, 3, 4, '2021-06-21 20:39:55'),
(142, 3, 7, '2021-06-21 20:40:06'),
(143, 3, 32, '2021-06-21 20:40:13'),
(144, 3, 11, '2021-06-21 20:40:15'),
(145, 3, 20, '2021-06-21 20:40:44'),
(146, 1, 15, '2021-06-22 04:46:56'),
(147, 3, 18, '2021-06-22 05:07:02'),
(148, 3, 38, '2021-06-22 05:07:19'),
(149, 1, 35, '2021-06-22 12:13:11'),
(150, 1, 17, '2021-06-22 12:35:13'),
(151, 1, 28, '2021-06-22 15:41:27'),
(152, 1, 12, '2021-06-22 15:41:33'),
(153, 1, 6, '2021-06-22 15:41:44'),
(154, 1, 8, '2021-06-22 15:41:56'),
(155, 1, 25, '2021-06-22 16:02:00'),
(156, 1, 19, '2021-06-22 16:02:22'),
(157, 4, 14, '2021-06-22 17:02:37'),
(158, 4, 4, '2021-06-22 17:03:31'),
(159, 2, 40, '2021-06-22 17:45:22'),
(160, 4, 9, '2021-06-22 19:49:33'),
(161, 4, 7, '2021-06-22 19:49:58'),
(162, 4, 31, '2021-06-23 07:22:08'),
(163, 4, 1, '2021-06-23 07:22:32'),
(164, 4, 11, '2021-06-23 07:23:50'),
(165, 4, 3, '2021-06-23 10:31:32'),
(166, 1, 27, '2021-06-23 18:38:58'),
(167, 1, 10, '2021-06-23 18:39:00'),
(168, 1, 20, '2021-06-23 18:39:06'),
(169, 1, 6, '2021-06-23 18:39:20'),
(170, 1, 8, '2021-06-23 18:39:31'),
(171, 1, 7, '2021-06-23 18:39:48'),
(172, 1, 9, '2021-06-23 18:39:53'),
(173, 1, 18, '2021-06-23 18:39:56'),
(174, 1, 41, '2021-06-23 18:51:51'),
(175, 4, 11, '2021-06-23 19:34:50'),
(176, 1, 15, '2021-06-24 04:20:46'),
(177, 1, 40, '2021-06-24 04:20:53'),
(178, 4, 1, '2021-06-24 06:44:52'),
(179, 4, 31, '2021-06-24 06:45:06'),
(180, 4, 17, '2021-06-24 07:40:49'),
(181, 4, 19, '2021-06-24 07:40:56'),
(182, 4, 7, '2021-06-24 07:42:09'),
(183, 4, 32, '2021-06-24 07:59:36'),
(184, 4, 35, '2021-06-24 08:00:50'),
(185, 4, 15, '2021-06-24 15:12:25'),
(186, 4, 5, '2021-06-24 17:12:44'),
(187, 4, 16, '2021-06-24 17:16:55'),
(188, 4, 3, '2021-06-24 17:58:00'),
(189, 4, 8, '2021-06-24 17:58:17'),
(190, 4, 7, '2021-06-24 17:58:39'),
(191, 4, 33, '2021-06-24 18:03:19'),
(192, 4, 11, '2021-06-24 18:03:29'),
(193, 4, 27, '2021-06-24 18:42:05'),
(194, 1, 15, '2021-06-25 04:51:39'),
(195, 1, 40, '2021-06-25 04:51:48'),
(196, 1, 13, '2021-06-25 12:10:07'),
(197, 1, 25, '2021-06-25 12:10:12'),
(198, 1, 10, '2021-06-25 19:02:48'),
(199, 1, 20, '2021-06-25 19:02:52'),
(200, 1, 9, '2021-06-25 19:03:01'),
(201, 2, 32, '2021-06-25 19:05:31'),
(202, 1, 33, '2021-06-25 19:06:36'),
(203, 1, 15, '2021-06-26 06:25:22'),
(204, 1, 40, '2021-06-26 06:27:32'),
(205, 1, 22, '2021-06-26 08:08:45'),
(206, 1, 17, '2021-06-26 08:09:06'),
(207, 1, 19, '2021-06-26 08:57:55'),
(208, 4, 1, '2021-06-26 13:08:17'),
(209, 4, 31, '2021-06-26 13:08:21'),
(210, 4, 30, '2021-06-26 13:08:28'),
(211, 4, 11, '2021-06-26 13:08:47'),
(212, 1, 12, '2021-06-26 16:39:28'),
(213, 1, 8, '2021-06-26 16:40:09'),
(214, 1, 3, '2021-06-26 16:40:19'),
(215, 1, 42, '2021-06-26 17:52:55'),
(216, 1, 43, '2021-06-26 17:55:13'),
(217, 2, 32, '2021-06-26 20:16:32'),
(218, 2, 24, '2021-06-27 04:01:38'),
(219, 1, 10, '2021-06-27 08:18:45'),
(220, 2, 17, '2021-06-27 08:24:41'),
(221, 1, 19, '2021-06-27 09:59:14'),
(222, 1, 16, '2021-06-27 09:59:22'),
(223, 4, 4, '2021-06-27 10:33:57'),
(224, 4, 31, '2021-06-27 10:34:19'),
(225, 4, 14, '2021-06-27 10:34:45'),
(226, 4, 1, '2021-06-27 10:34:56'),
(227, 2, 3, '2021-06-27 11:17:25'),
(228, 4, 9, '2021-06-27 11:26:11'),
(229, 4, 6, '2021-06-27 11:26:15'),
(230, 4, 26, '2021-06-27 12:53:13'),
(231, 4, 27, '2021-06-27 12:53:39'),
(232, 1, 41, '2021-06-27 16:31:11'),
(233, 1, 25, '2021-06-27 16:31:16'),
(234, 1, 14, '2021-06-27 16:31:25'),
(235, 4, 5, '2021-06-27 16:42:59'),
(236, 2, 2, '2021-06-27 16:54:40'),
(237, 2, 18, '2021-06-28 04:26:33'),
(238, 4, 15, '2021-06-28 06:21:13'),
(239, 4, 1, '2021-06-28 06:21:23'),
(240, 4, 31, '2021-06-28 06:21:31'),
(241, 1, 2, '2021-06-28 12:49:57'),
(242, 1, 8, '2021-06-28 12:50:14'),
(243, 4, 14, '2021-06-28 16:47:45'),
(244, 4, 32, '2021-06-28 16:47:57'),
(245, 4, 4, '2021-06-28 16:48:17'),
(246, 2, 30, '2021-06-28 18:12:40'),
(247, 2, 20, '2021-06-28 18:12:53'),
(248, 2, 3, '2021-06-28 18:14:18'),
(249, 2, 9, '2021-06-28 18:14:35'),
(250, 2, 27, '2021-06-28 18:14:50'),
(251, 1, 10, '2021-06-29 10:22:38'),
(252, 1, 15, '2021-06-29 10:22:50'),
(253, 1, 9, '2021-06-29 10:23:10'),
(254, 1, 20, '2021-06-29 10:23:33'),
(255, 4, 5, '2021-06-29 12:35:42'),
(256, 4, 7, '2021-06-29 12:36:16'),
(257, 4, 1, '2021-06-29 12:36:23'),
(258, 1, 8, '2021-06-29 14:58:01'),
(259, 1, 27, '2021-06-29 14:58:15'),
(260, 1, 12, '2021-06-30 06:36:53'),
(261, 1, 17, '2021-06-30 06:37:01'),
(262, 1, 19, '2021-06-30 09:47:01'),
(263, 1, 2, '2021-06-30 09:47:10'),
(264, 4, 11, '2021-06-30 19:37:13'),
(265, 4, 6, '2021-06-30 19:37:16'),
(266, 4, 8, '2021-06-30 19:37:33'),
(267, 4, 20, '2021-06-30 19:37:43'),
(268, 4, 4, '2021-06-30 19:38:08'),
(269, 2, 30, '2021-07-01 04:46:49'),
(270, 2, 3, '2021-07-01 04:47:11'),
(271, 2, 9, '2021-07-01 04:47:34'),
(272, 2, 18, '2021-07-01 04:47:49'),
(273, 2, 27, '2021-07-01 04:48:29'),
(274, 4, 31, '2021-07-01 10:10:21'),
(275, 4, 1, '2021-07-01 10:10:27'),
(276, 4, 19, '2021-07-01 10:10:48'),
(277, 4, 17, '2021-07-01 10:11:11'),
(278, 4, 2, '2021-07-01 15:49:14'),
(279, 4, 30, '2021-07-01 15:49:22'),
(280, 4, 14, '2021-07-01 15:50:25'),
(281, 4, 5, '2021-07-01 16:46:25'),
(282, 4, 13, '2021-07-01 18:22:32'),
(283, 4, 11, '2021-07-01 18:22:44'),
(284, 4, 16, '2021-07-01 18:23:05'),
(285, 1, 25, '2021-07-03 05:45:04'),
(286, 1, 33, '2021-07-03 05:45:11'),
(287, 1, 40, '2021-07-03 05:45:17'),
(288, 1, 41, '2021-07-03 05:45:23'),
(289, 1, 43, '2021-07-03 05:45:28'),
(290, 1, 15, '2021-07-03 05:45:34'),
(291, 1, 9, '2021-07-03 05:46:13'),
(292, 4, 1, '2021-07-03 15:30:35'),
(293, 4, 31, '2021-07-03 15:30:40'),
(294, 4, 6, '2021-07-03 15:30:52'),
(295, 4, 4, '2021-07-03 15:30:58'),
(296, 4, 11, '2021-07-03 15:31:32'),
(297, 4, 31, '2021-07-04 08:54:23'),
(298, 4, 1, '2021-07-04 08:54:31'),
(299, 4, 32, '2021-07-04 09:14:29'),
(300, 4, 5, '2021-07-04 10:24:47'),
(301, 4, 7, '2021-07-04 10:24:51'),
(302, 4, 19, '2021-07-04 10:25:31'),
(303, 4, 17, '2021-07-04 15:00:40'),
(304, 4, 17, '2021-07-04 15:01:27'),
(305, 4, 19, '2021-07-04 15:01:34'),
(306, 4, 4, '2021-07-04 17:29:57'),
(307, 4, 7, '2021-07-04 17:30:05'),
(308, 4, 8, '2021-07-04 17:30:11'),
(309, 1, 23, '2021-07-05 19:02:19'),
(310, 1, 10, '2021-07-05 19:02:27'),
(311, 1, 35, '2021-07-05 19:02:36'),
(312, 1, 27, '2021-07-05 19:02:44'),
(313, 1, 3, '2021-07-05 19:02:47'),
(314, 1, 2, '2021-07-05 19:02:53'),
(315, 1, 12, '2021-07-05 19:03:13'),
(316, 1, 16, '2021-07-05 19:03:19'),
(317, 1, 25, '2021-07-05 19:03:27'),
(318, 1, 40, '2021-07-05 19:03:34'),
(319, 1, 22, '2021-07-05 19:03:44'),
(320, 1, 9, '2021-07-05 19:03:52'),
(321, 1, 19, '2021-07-05 19:04:02'),
(322, 1, 8, '2021-07-05 19:04:14'),
(323, 1, 17, '2021-07-05 19:04:28'),
(324, 1, 30, '2021-07-05 19:05:09'),
(325, 1, 30, '2021-07-05 19:05:13'),
(326, 1, 12, '2021-07-06 14:49:37'),
(327, 1, 13, '2021-07-06 14:49:52'),
(328, 4, 41, '2021-07-07 09:10:16'),
(329, 4, 19, '2021-07-07 09:10:28'),
(330, 4, 1, '2021-07-07 09:10:35'),
(331, 4, 31, '2021-07-07 09:10:40'),
(332, 4, 6, '2021-07-07 12:13:17'),
(333, 4, 4, '2021-07-07 12:13:22'),
(334, 4, 8, '2021-07-07 12:13:28'),
(335, 4, 14, '2021-07-07 16:05:58'),
(336, 4, 33, '2021-07-07 16:06:02'),
(337, 4, 30, '2021-07-07 16:06:12'),
(338, 4, 11, '2021-07-07 16:06:15'),
(339, 4, 3, '2021-07-07 16:06:23'),
(340, 1, 9, '2021-07-08 10:09:08'),
(341, 1, 26, '2021-07-08 10:10:29'),
(342, 1, 15, '2021-07-08 10:10:58'),
(343, 1, 40, '2021-07-08 10:11:08'),
(344, 4, 19, '2021-07-08 15:24:23'),
(345, 4, 5, '2021-07-09 10:08:55'),
(346, 4, 32, '2021-07-09 10:08:58'),
(347, 4, 14, '2021-07-09 10:09:04'),
(348, 4, 31, '2021-07-09 10:09:25'),
(349, 4, 1, '2021-07-09 10:09:30'),
(350, 4, 17, '2021-07-09 10:09:57'),
(351, 4, 11, '2021-07-09 10:10:32'),
(352, 1, 25, '2021-07-13 18:25:48'),
(353, 1, 19, '2021-07-13 18:26:00'),
(354, 1, 40, '2021-07-13 18:26:06'),
(355, 1, 26, '2021-07-13 18:26:12'),
(356, 1, 22, '2021-07-13 18:26:37'),
(357, 1, 3, '2021-07-13 18:26:54'),
(358, 1, 17, '2021-07-13 18:27:16'),
(359, 1, 9, '2021-07-13 18:27:28'),
(360, 1, 8, '2021-07-13 18:27:37'),
(361, 1, 29, '2021-09-10 12:14:02'),
(362, 1, 20, '2021-09-10 12:14:05'),
(363, 1, 24, '2021-09-10 12:14:09'),
(364, 1, 43, '2021-09-10 12:14:12'),
(365, 1, 27, '2021-09-10 12:14:15'),
(366, 1, 17, '2021-09-10 12:14:22');

-- --------------------------------------------------------

--
-- Structure de la table `ips`
--

CREATE TABLE `ips` (
  `id_user` int(11) NOT NULL,
  `ip` tinyint(4) NOT NULL
) ENGINE=InnoDB DEFAULT CHARSET=utf8mb4 COLLATE=utf8mb4_unicode_ci;

--
-- Déchargement des données de la table `ips`
--

INSERT INTO `ips` (`id_user`, `ip`) VALUES
(1, 18),
(1, 43),
(1, 55),
(1, 58),
(2, 20),
(3, 27),
(4, 22),
(4, 39),
(4, 51),
(5, 13);

-- --------------------------------------------------------

--
-- Structure de la table `tasks`
--

CREATE TABLE `tasks` (
  `id` int(11) NOT NULL,
  `name` varchar(64) COLLATE utf8mb4_unicode_ci NOT NULL,
  `description` varchar(255) COLLATE utf8mb4_unicode_ci DEFAULT NULL,
  `price` int(11) NOT NULL,
  `period` int(11) NOT NULL,
  `last_action` timestamp NOT NULL DEFAULT current_timestamp(),
  `next_action` timestamp NOT NULL DEFAULT current_timestamp(),
  `id_domain` int(11) DEFAULT NULL
) ENGINE=InnoDB DEFAULT CHARSET=utf8mb4 COLLATE=utf8mb4_unicode_ci;

--
-- Déchargement des données de la table `tasks`
--

INSERT INTO `tasks` (`id`, `name`, `description`, `price`, `period`, `last_action`, `next_action`, `id_domain`) VALUES
(1, 'Faire son lit (Lisa)', 'Avant de partir à l\'école ou au travail.', 5, 24, '2021-07-09 08:09:30', '2021-07-10 08:09:30', 3),
(2, 'Préparer le diner', NULL, 30, 24, '2021-07-05 17:02:53', '2021-07-06 17:02:53', 1),
(3, 'Préparer le souper', NULL, 60, 24, '2021-07-13 16:26:54', '2021-07-14 16:26:54', 2),
(4, 'Mettre la table pour le diner', NULL, 10, 24, '2021-07-07 10:13:22', '2021-07-08 10:13:22', 1),
(5, 'Mettre la table pour le souper', NULL, 10, 24, '2021-07-09 08:08:55', '2021-07-10 08:08:55', 2),
(6, 'Débarrasser la table du diner', '', 15, 24, '2021-07-07 10:13:17', '2021-07-08 10:13:17', 1),
(7, 'Débarrasser la table du souper', NULL, 15, 24, '2021-07-04 15:30:05', '2021-07-05 15:30:05', 2),
(8, 'Remplir le lave-vaisselle pour le diner', NULL, 10, 24, '2021-07-13 16:27:37', '2021-07-14 16:27:37', 1),
(9, 'Remplir le lave-vaisselle pour le souper', NULL, 10, 24, '2021-07-13 16:27:28', '2021-07-14 16:27:28', 2),
(10, 'Laver le sol de la cuisine', '', 15, 24, '2021-07-05 17:02:27', '2021-07-06 17:02:27', 9),
(11, 'Laver la salle de bain', NULL, 15, 24, '2021-07-09 08:10:32', '2021-07-10 08:10:32', 10),
(12, 'Laver la baignoire', 'null', 15, 72, '2021-07-06 12:49:37', '2021-07-09 12:49:37', 10),
(13, 'Laver le sol de la salle à manger', NULL, 30, 48, '2021-07-06 12:49:52', '2021-07-08 12:49:52', 8),
(14, 'Vider le lave vaisselle du diner', NULL, 10, 24, '2021-07-09 08:09:04', '2021-07-10 08:09:04', 1),
(15, 'Vider le lave vaisselle du souper', NULL, 10, 24, '2021-07-08 08:10:58', '2021-07-09 08:10:58', 2),
(16, 'Passer l\'aspirateur dans le salon', NULL, 20, 48, '2021-07-05 17:03:19', '2021-07-07 17:03:19', 7),
(17, 'Remplir le lave-linge', 'null', 5, 24, '2021-09-10 10:14:22', '2021-09-11 10:14:22', 13),
(18, 'Descendre la poubelle', NULL, 5, 24, '2021-07-01 02:47:49', '2021-07-02 02:47:49', 9),
(19, 'Etendre le linge', 'null', 15, 24, '2021-07-13 16:26:00', '2021-07-14 16:26:00', 13),
(20, 'Nettoyer la cuisine', NULL, 30, 24, '2021-09-10 10:14:05', '2021-09-11 10:14:05', 9),
(21, 'Déboucher le lavabo', '', 30, 720, '2021-06-20 10:38:41', '2021-07-20 10:38:41', 10),
(22, 'Nettoyer la cage des cochons', '', 30, 168, '2021-07-13 16:26:37', '2021-07-20 16:26:37', 14),
(23, 'Repasser les vêtements', '', 60, 168, '2021-07-05 17:02:19', '2021-07-12 17:02:19', 13),
(24, 'Nettoyer la poubelle de la cuisine', 'Vérifier que la poubelle de la cuisine n\'est pas sale.', 20, 168, '2021-09-10 10:14:09', '2021-09-17 10:14:09', 9),
(25, 'Arroser les plantes', '', 15, 24, '2021-07-13 16:25:48', '2021-07-14 16:25:48', 14),
(26, 'faire un gâteau ou des crêpes', '', 45, 720, '2021-07-13 16:26:12', '2021-08-12 16:26:12', 9),
(27, 'Ranger la cuisine', '', 30, 24, '2021-09-10 10:14:15', '2021-09-11 10:14:15', 9),
(28, 'Nettoyer les toilettes du couloir', '', 30, 72, '2021-06-22 13:41:27', '2021-06-25 13:41:27', 11),
(29, 'Nettoyer les toilettes de la salle bain', '', 30, 72, '2021-09-10 10:14:02', '2021-09-13 10:14:02', 10),
(30, 'Faire les courses', '', 90, 24, '2021-07-07 14:06:12', '2021-07-08 14:06:12', 2),
(31, 'Ranger la chambre (Lisa)', '', 30, 24, '2021-07-09 08:09:25', '2021-07-10 08:09:25', 3),
(32, 'Ranger le linge', '', 20, 24, '2021-07-09 08:08:58', '2021-07-10 08:08:58', 13),
(33, 'Ranger le salon', 'Débarrasser et nettoyer les tables, plier les couvertures…', 30, 24, '2021-07-07 14:06:02', '2021-07-08 14:06:02', 7),
(34, 'Faire un massage', '', 30, 210, '2021-06-19 17:11:36', '2021-06-28 11:11:36', 6),
(35, 'Laver les sets de table', '', 15, 168, '2021-07-05 17:02:36', '2021-07-12 17:02:36', 9),
(36, 'Ranger la chambre (Jenny)', '', 30, 24, '2021-06-22 12:14:09', '2021-06-22 12:14:09', 5),
(37, 'Ranger la chambre (Nicolas)', '', 30, 24, '2021-06-22 12:15:01', '2021-06-22 12:15:01', 4),
(38, 'Faire son lit (Jenny)', '', 5, 24, '2021-06-22 12:22:23', '2021-06-22 12:22:23', 5),
(39, 'Faire son lit (Nicolas)', '', 5, 24, '2021-06-22 12:23:12', '2021-06-22 12:23:12', 4),
(40, 'Faire son lit (Parents)', '', 5, 24, '2021-07-13 16:26:06', '2021-07-14 16:26:06', 6),
(41, 'Plier le linge', '', 10, 48, '2021-07-07 07:10:16', '2021-07-09 07:10:16', 13),
(42, 'Nettoyer les joints', 'Vinaigre et/ou citron', 120, 720, '2021-06-26 15:52:55', '2021-07-26 15:52:55', 10),
(43, 'Jeter le sac de PET', '', 20, 72, '2021-09-10 10:14:12', '2021-09-13 10:14:12', 9);

-- --------------------------------------------------------

--
-- Structure de la table `users`
--

CREATE TABLE `users` (
  `id` int(11) NOT NULL,
  `name` varchar(32) COLLATE utf8mb4_unicode_ci NOT NULL
) ENGINE=InnoDB DEFAULT CHARSET=utf8mb4 COLLATE=utf8mb4_unicode_ci;

--
-- Déchargement des données de la table `users`
--

INSERT INTO `users` (`id`, `name`) VALUES
(1, 'eric'),
(2, 'christine'),
(3, 'jenny'),
(4, 'lisa'),
(5, 'nicolas');

--
-- Index pour les tables déchargées
--

--
-- Index pour la table `domains`
--
ALTER TABLE `domains`
  ADD PRIMARY KEY (`id`);

--
-- Index pour la table `history`
--
ALTER TABLE `history`
  ADD PRIMARY KEY (`id`);

--
-- Index pour la table `ips`
--
ALTER TABLE `ips`
  ADD PRIMARY KEY (`id_user`,`ip`),
  ADD UNIQUE KEY `ip` (`ip`);

--
-- Index pour la table `tasks`
--
ALTER TABLE `tasks`
  ADD PRIMARY KEY (`id`);

--
-- Index pour la table `users`
--
ALTER TABLE `users`
  ADD PRIMARY KEY (`id`);

--
-- AUTO_INCREMENT pour les tables déchargées
--

--
-- AUTO_INCREMENT pour la table `domains`
--
ALTER TABLE `domains`
  MODIFY `id` int(11) NOT NULL AUTO_INCREMENT, AUTO_INCREMENT=15;

--
-- AUTO_INCREMENT pour la table `history`
--
ALTER TABLE `history`
  MODIFY `id` int(11) NOT NULL AUTO_INCREMENT, AUTO_INCREMENT=367;

--
-- AUTO_INCREMENT pour la table `tasks`
--
ALTER TABLE `tasks`
  MODIFY `id` int(11) NOT NULL AUTO_INCREMENT, AUTO_INCREMENT=44;

--
-- AUTO_INCREMENT pour la table `users`
--
ALTER TABLE `users`
  MODIFY `id` int(11) NOT NULL AUTO_INCREMENT, AUTO_INCREMENT=6;
COMMIT;

/*!40101 SET CHARACTER_SET_CLIENT=@OLD_CHARACTER_SET_CLIENT */;
/*!40101 SET CHARACTER_SET_RESULTS=@OLD_CHARACTER_SET_RESULTS */;
/*!40101 SET COLLATION_CONNECTION=@OLD_COLLATION_CONNECTION */;
